{"cameraMode":{"drawMode":0,"name":"Shaded","section":"Shading Mode"},"sceneLighting":true,"audioPlay":false,"sceneViewState":{"m_AlwaysRefresh":false,"showFog":true,"showSkybox":true,"showFlares":true,"showImageEffects":true,"showParticleSystems":true,"showVisualEffectGraphs":true,"m_FxEnabled":true},"in2DMode":false,"pivot":{"x":2.7846460342407228,"y":6.2508392333984379,"z":-5.0324201583862309},"rotation":{"x":-0.008002245798707009,"y":-0.9918990731239319,"z":0.08232692629098892,"w":-0.09641080349683762},"size":10.144674301147461,"orthographic":false}